Input,Observation
57936240,0.240930869
108228115,0.615195072
149668620,1.000136893
228123945,1.880903491
778598692,11.85982204
1429045640,29.45927447
2839680430,84.00821355
4491748407,164.7865845